{"chunk_definitions":[{"chunk_id":"csetup_chunk","chunk_label":"setup","document_id":"E93017C2","expansion_state":0,"options":{"engine":"r","include":false,"label":"setup"},"row":32,"row_count":1,"visible":true},{"chunk_id":"crcxl628cj83m","chunk_label":"unnamed-chunk-1","document_id":"E93017C2","expansion_state":1,"options":{"engine":"r","eval":true,"label":"unnamed-chunk-7"},"row":123,"row_count":1,"visible":true},{"chunk_id":"c3oli5wf1vgzk","chunk_label":"unnamed-chunk-2","document_id":"E93017C2","expansion_state":0,"options":{"engine":"r","eval":true,"label":"unnamed-chunk-8"},"row":177,"row_count":1,"visible":true},{"chunk_id":"cg0ygqmsy7rci","chunk_label":"unnamed-chunk-3","document_id":"E93017C2","expansion_state":0,"options":{"engine":"r","eval":true,"label":"unnamed-chunk-9"},"row":191,"row_count":1,"visible":true},{"chunk_id":"cr2b0512dl5ig","chunk_label":"unnamed-chunk-4","document_id":"E93017C2","expansion_state":0,"options":{"engine":"r","eval":true,"label":"unnamed-chunk-2"},"row":208,"row_count":1,"visible":true},{"chunk_id":"clutjkei301gk","chunk_label":"unnamed-chunk-6","document_id":"E93017C2","expansion_state":0,"options":{"engine":"r","eval":true,"label":"unnamed-chunk-10"},"row":235,"row_count":1,"visible":true},{"chunk_id":"cmyoei5q231xe","chunk_label":"unnamed-chunk-10","document_id":"E93017C2","expansion_state":0,"options":{"engine":"r","label":"unnamed-chunk-23"},"row":298,"row_count":1,"visible":true},{"chunk_id":"caderkxhlgeo4","chunk_label":"unnamed-chunk-11","document_id":"E93017C2","expansion_state":0,"options":{"engine":"r","label":"unnamed-chunk-24"},"row":303,"row_count":1,"visible":true},{"chunk_id":"cxbnm03vn4cyr","chunk_label":"unnamed-chunk-12","document_id":"E93017C2","expansion_state":0,"options":{"engine":"r","label":"unnamed-chunk-28"},"row":312,"row_count":1,"visible":true},{"chunk_id":"cm1lvzyhlavx5","chunk_label":"unnamed-chunk-13","document_id":"E93017C2","expansion_state":0,"options":{"engine":"r","label":"unnamed-chunk-29"},"row":318,"row_count":1,"visible":true},{"chunk_id":"chdsitn5l2dqe","chunk_label":"unnamed-chunk-14","document_id":"E93017C2","expansion_state":0,"options":{"engine":"r","label":"unnamed-chunk-33"},"row":327,"row_count":1,"visible":true},{"chunk_id":"cdon94ancm6s1","chunk_label":"unnamed-chunk-15","document_id":"E93017C2","expansion_state":0,"options":{"engine":"r","eval":true,"label":"unnamed-chunk-12"},"row":349,"row_count":1,"visible":true}],"default_chunk_options":{"echo":false,"eval":false,"message":false,"warning":false},"doc_write_time":1581179816,"working_dir":null}