"0","PolyTMMS <- polychoric(TMMS)"
"0","irtTMMS <- irt.fa(PolyTMMS, plot = FALSE)"
"0","PolyATENCION <- polychoric(ATENCION)"
"0","irtATENCION <- irt.fa(PolyATENCION, plot = FALSE)"
"0","PolyCLARIDAD <- polychoric(CLARIDAD)"
"0","irtCLARIDAD <- irt.fa(PolyCLARIDAD, plot = FALSE)"
"0","PolyREPARACION <- polychoric(REPARACION)"
"0","irtREPARACION <- irt.fa(PolyREPARACION, plot = FALSE)"
"0",""
"0","mirtA <- mirt(ATENCION, model = 1, technical = list(removeEmptyRows=TRUE))"
"1","Iteration: 1, Log-Lik: -33417.063, Max-Change: 1.58677"
"1","Iteration: 2, Log-Lik: -31888.853, Max-Change: 1.06935"
"1","Iteration: 3, Log-Lik: -31407.812, Max-Change: 0.39231"
"1","Iteration: 4, Log-Lik: -31258.001, Max-Change: 0.33830"
"1","Iteration: 5, Log-Lik: -31211.741, Max-Change: 0.18658"
"1","Iteration: 6, Log-Lik: -31190.707, Max-Change: 0.10196"
"1","Iteration: 7, Log-Lik: -31179.481, Max-Change: 0.06288"
"1","Iteration: 8, Log-Lik: -31173.915, Max-Change: 0.07065"
"1","Iteration: 9, Log-Lik: -31170.371, Max-Change: 0.05013"
"1","Iteration: 10, Log-Lik: -31168.641, Max-Change: 0.03288"
"1","Iteration: 11, Log-Lik: -31166.958, Max-Change: 0.02665"
"1","Iteration: 12, Log-Lik: -31166.034, Max-Change: 0.01813"
"1","Iteration: 13, Log-Lik: -31165.331, Max-Change: 0.01428"
"1","Iteration: 14, Log-Lik: -31164.832, Max-Change: 0.01156"
"1","Iteration: 15, Log-Lik: -31164.485, Max-Change: 0.00932"
"1","Iteration: 16, Log-Lik: -31163.862, Max-Change: 0.00391"
"1","Iteration: 17, Log-Lik: -31163.837, Max-Change: 0.00214"
"1","Iteration: 18, Log-Lik: -31163.825, Max-Change: 0.00162"
"1","Iteration: 19, Log-Lik: -31163.808, Max-Change: 0.00090"
"1","Iteration: 20, Log-Lik: -31163.806, Max-Change: 0.00067"
"1","Iteration: 21, Log-Lik: -31163.804, Max-Change: 0.00056"
"1","Iteration: 22, Log-Lik: -31163.803, Max-Change: 0.00043"
"1","Iteration: 23, Log-Lik: -31163.802, Max-Change: 0.00035"
"1","Iteration: 24, Log-Lik: -31163.802, Max-Change: 0.00038"
"1","Iteration: 25, Log-Lik: -31163.802, Max-Change: 0.00021"
"1","Iteration: 26, Log-Lik: -31163.801, Max-Change: 0.00021"
"1","Iteration: 27, Log-Lik: -31163.801, Max-Change: 0.00016"
"1","Iteration: 28, Log-Lik: -31163.801, Max-Change: 0.00025"
"1","Iteration: 29, Log-Lik: -31163.801, Max-Change: 0.00019"
"1","Iteration: 30, Log-Lik: -31163.801, Max-Change: 0.00021"
"1","Iteration: 31, Log-Lik: -31163.801, Max-Change: 0.00015"
"1","Iteration: 32, Log-Lik: -31163.801, Max-Change: 0.00017"
"1","Iteration: 33, Log-Lik: -31163.800, Max-Change: 0.00013"
"1","Iteration: 34, Log-Lik: -31163.800, Max-Change: 0.00018"
"1","Iteration: 35, Log-Lik: -31163.800, Max-Change: 0.00013"
"1","Iteration: 36, Log-Lik: -31163.800, Max-Change: 0.00015"
"1","Iteration: 37, Log-Lik: -31163.800, Max-Change: 0.00012"
"1","Iteration: 38, Log-Lik: -31163.800, Max-Change: 0.00014"
"1","Iteration: 39, Log-Lik: -31163.800, Max-Change: 0.00010"
"1","Iteration: 40, Log-Lik: -31163.800, Max-Change: 0.00014"
"1","Iteration: 41, Log-Lik: -31163.800, Max-Change: 0.00010"
"1","Iteration: 42, Log-Lik: -31163.800, Max-Change: 0.00012"
"1","Iteration: 43, Log-Lik: -31163.800, Max-Change: 0.00010"
"1","Iteration: 44, Log-Lik: -31163.800, Max-Change: 0.00011"
"1","Iteration: 45, Log-Lik: -31163.800, Max-Change: 0.00008"
"1","
"
"0","mirtC <- mirt(CLARIDAD, model = 1)"
"1","Iteration: 1, Log-Lik: -32523.336, Max-Change: 2.67027"
"1","Iteration: 2, Log-Lik: -30686.808, Max-Change: 1.33496"
"1","Iteration: 3, Log-Lik: -30375.276, Max-Change: 0.50838"
"1","Iteration: 4, Log-Lik: -30233.718, Max-Change: 0.36451"
"1","Iteration: 5, Log-Lik: -30137.772, Max-Change: 0.38066"
"1","Iteration: 6, Log-Lik: -30044.786, Max-Change: 0.37167"
"1","Iteration: 7, Log-Lik: -29992.497, Max-Change: 0.19768"
"1","Iteration: 8, Log-Lik: -29957.891, Max-Change: 0.15138"
"1","Iteration: 9, Log-Lik: -29940.897, Max-Change: 0.09136"
"1","Iteration: 10, Log-Lik: -29933.358, Max-Change: 0.06712"
"1","Iteration: 11, Log-Lik: -29927.775, Max-Change: 0.05500"
"1","Iteration: 12, Log-Lik: -29923.740, Max-Change: 0.05275"
"1","Iteration: 13, Log-Lik: -29921.818, Max-Change: 0.03964"
"1","Iteration: 14, Log-Lik: -29919.923, Max-Change: 0.03119"
"1","Iteration: 15, Log-Lik: -29918.403, Max-Change: 0.02915"
"1","Iteration: 16, Log-Lik: -29917.673, Max-Change: 0.01878"
"1","Iteration: 17, Log-Lik: -29916.956, Max-Change: 0.01411"
"1","Iteration: 18, Log-Lik: -29916.450, Max-Change: 0.01242"
"1","Iteration: 19, Log-Lik: -29915.534, Max-Change: 0.00688"
"1","Iteration: 20, Log-Lik: -29915.451, Max-Change: 0.00394"
"1","Iteration: 21, Log-Lik: -29915.397, Max-Change: 0.00383"
"1","Iteration: 22, Log-Lik: -29915.286, Max-Change: 0.00175"
"1","Iteration: 23, Log-Lik: -29915.279, Max-Change: 0.00125"
"1","Iteration: 24, Log-Lik: -29915.275, Max-Change: 0.00114"
"1","Iteration: 25, Log-Lik: -29915.261, Max-Change: 0.00032"
"1","Iteration: 26, Log-Lik: -29915.260, Max-Change: 0.00016"
"1","Iteration: 27, Log-Lik: -29915.260, Max-Change: 0.00015"
"1","Iteration: 28, Log-Lik: -29915.260, Max-Change: 0.00015"
"1","Iteration: 29, Log-Lik: -29915.260, Max-Change: 0.00015"
"1","Iteration: 30, Log-Lik: -29915.260, Max-Change: 0.00073"
"1","Iteration: 31, Log-Lik: -29915.259, Max-Change: 0.00033"
"1","Iteration: 32, Log-Lik: -29915.259, Max-Change: 0.00018"
"1","Iteration: 33, Log-Lik: -29915.259, Max-Change: 0.00012"
"1","Iteration: 34, Log-Lik: -29915.259, Max-Change: 0.00055"
"1","Iteration: 35, Log-Lik: -29915.259, Max-Change: 0.00022"
"1","Iteration: 36, Log-Lik: -29915.258, Max-Change: 0.00012"
"1","Iteration: 37, Log-Lik: -29915.258, Max-Change: 0.00043"
"1","Iteration: 38, Log-Lik: -29915.258, Max-Change: 0.00036"
"1","Iteration: 39, Log-Lik: -29915.258, Max-Change: 0.00007"
"1","
"
"0","mirtR <- mirt(REPARACION, model = 1)"
"1","Iteration: 1, Log-Lik: -32990.435, Max-Change: 1.99979"
"1","Iteration: 2, Log-Lik: -31688.701, Max-Change: 1.80993"
"1","Iteration: 3, Log-Lik: -31000.056, Max-Change: 0.73838"
"1","Iteration: 4, Log-Lik: -30824.606, Max-Change: 0.41052"
"1","Iteration: 5, Log-Lik: -30762.140, Max-Change: 0.25218"
"1","Iteration: 6, Log-Lik: -30735.144, Max-Change: 0.24190"
"1","Iteration: 7, Log-Lik: -30721.609, Max-Change: 0.14037"
"1","Iteration: 8, Log-Lik: -30713.746, Max-Change: 0.08729"
"1","Iteration: 9, Log-Lik: -30709.497, Max-Change: 0.05536"
"1","Iteration: 10, Log-Lik: -30705.821, Max-Change: 0.02822"
"1","Iteration: 11, Log-Lik: -30704.878, Max-Change: 0.02065"
"1","Iteration: 12, Log-Lik: -30704.253, Max-Change: 0.01716"
"1","Iteration: 13, Log-Lik: -30702.986, Max-Change: 0.00454"
"1","Iteration: 14, Log-Lik: -30702.965, Max-Change: 0.00281"
"1","Iteration: 15, Log-Lik: -30702.948, Max-Change: 0.00259"
"1","Iteration: 16, Log-Lik: -30702.925, Max-Change: 0.00170"
"1","Iteration: 17, Log-Lik: -30702.922, Max-Change: 0.00134"
"1","Iteration: 18, Log-Lik: -30702.920, Max-Change: 0.00119"
"1","Iteration: 19, Log-Lik: -30702.913, Max-Change: 0.00032"
"1","Iteration: 20, Log-Lik: -30702.913, Max-Change: 0.00023"
"1","Iteration: 21, Log-Lik: -30702.913, Max-Change: 0.00019"
"1","Iteration: 22, Log-Lik: -30702.913, Max-Change: 0.00018"
"1","Iteration: 23, Log-Lik: -30702.913, Max-Change: 0.00079"
"1","Iteration: 24, Log-Lik: -30702.913, Max-Change: 0.00016"
"1","Iteration: 25, Log-Lik: -30702.913, Max-Change: 0.00012"
"1","Iteration: 26, Log-Lik: -30702.913, Max-Change: 0.00058"
"1","Iteration: 27, Log-Lik: -30702.913, Max-Change: 0.00036"
"1","Iteration: 28, Log-Lik: -30702.912, Max-Change: 0.00012"
"1","Iteration: 29, Log-Lik: -30702.912, Max-Change: 0.00009"
"1","
"
