{"chunk_definitions":[{"chunk_id":"csetup_chunk","chunk_label":"setup","document_id":"E93017C2","expansion_state":0,"options":{"engine":"r","include":false,"label":"setup"},"row":31,"row_count":1,"visible":true},{"chunk_id":"crcxl628cj83m","chunk_label":"unnamed-chunk-1","document_id":"E93017C2","expansion_state":0,"options":{"engine":"r","eval":true,"label":"unnamed-chunk-9"},"row":118,"row_count":1,"visible":true},{"chunk_id":"c3oli5wf1vgzk","chunk_label":"unnamed-chunk-2","document_id":"E93017C2","expansion_state":0,"options":{"engine":"r","eval":true,"label":"unnamed-chunk-10"},"row":162,"row_count":1,"visible":true},{"chunk_id":"cg0ygqmsy7rci","chunk_label":"unnamed-chunk-3","document_id":"E93017C2","expansion_state":0,"options":{"engine":"r","eval":true,"label":"unnamed-chunk-11"},"row":176,"row_count":1,"visible":true},{"chunk_id":"cive8vywh7rdu","chunk_label":"unnamed-chunk-4","document_id":"E93017C2","expansion_state":0,"options":{},"row":193,"row_count":1,"visible":true},{"chunk_id":"cvmzd2qjv2j12","chunk_label":"unnamed-chunk-5","document_id":"E93017C2","expansion_state":0,"options":{"engine":"r","label":"unnamed-chunk-14"},"row":211,"row_count":1,"visible":true},{"chunk_id":"cg4hgesy2xzkm","chunk_label":"unnamed-chunk-6","document_id":"E93017C2","expansion_state":0,"options":{"engine":"r","label":"unnamed-chunk-4"},"row":220,"row_count":1,"visible":true},{"chunk_id":"ciqewkfgcaggl","chunk_label":"unnamed-chunk-29","document_id":"E93017C2","expansion_state":0,"options":{"engine":"r","label":"unnamed-chunk-8"},"row":386,"row_count":1,"visible":true}],"chunk_rendered_width":624,"default_chunk_options":{"echo":false,"eval":false,"message":false,"warning":false},"doc_write_time":1581121025,"working_dir":null}