"0","mirtCLARIDAD <- mirt(CLARIDAD, model = 1, technical = list(removeEmptyRows=TRUE)) "
"1","Iteration: 1, Log-Lik: -32523.336, Max-Change: 2.67027"
"1","Iteration: 2, Log-Lik: -30686.808, Max-Change: 1.33496"
"1","Iteration: 3, Log-Lik: -30375.276, Max-Change: 0.50838"
"1","Iteration: 4, Log-Lik: -30233.718, Max-Change: 0.36451"
"1","Iteration: 5, Log-Lik: -30137.772, Max-Change: 0.38066"
"1","Iteration: 6, Log-Lik: -30044.786, Max-Change: 0.37167"
"1","Iteration: 7, Log-Lik: -29992.497, Max-Change: 0.19768"
"1","Iteration: 8, Log-Lik: -29957.891, Max-Change: 0.15138"
"1","Iteration: 9, Log-Lik: -29940.897, Max-Change: 0.09136"
"1","Iteration: 10, Log-Lik: -29933.358, Max-Change: 0.06712"
"1","Iteration: 11, Log-Lik: -29927.775, Max-Change: 0.05500"
"1","Iteration: 12, Log-Lik: -29923.740, Max-Change: 0.05275"
"1","Iteration: 13, Log-Lik: -29921.818, Max-Change: 0.03964"
"1","Iteration: 14, Log-Lik: -29919.923, Max-Change: 0.03119"
"1","Iteration: 15, Log-Lik: -29918.403, Max-Change: 0.02915"
"1","Iteration: 16, Log-Lik: -29917.673, Max-Change: 0.01878"
"1","Iteration: 17, Log-Lik: -29916.956, Max-Change: 0.01411"
"1","Iteration: 18, Log-Lik: -29916.450, Max-Change: 0.01242"
"1","Iteration: 19, Log-Lik: -29915.534, Max-Change: 0.00688"
"1","Iteration: 20, Log-Lik: -29915.451, Max-Change: 0.00394"
"1","Iteration: 21, Log-Lik: -29915.397, Max-Change: 0.00383"
"1","Iteration: 22, Log-Lik: -29915.286, Max-Change: 0.00175"
"1","Iteration: 23, Log-Lik: -29915.279, Max-Change: 0.00125"
"1","Iteration: 24, Log-Lik: -29915.275, Max-Change: 0.00114"
"1","Iteration: 25, Log-Lik: -29915.261, Max-Change: 0.00032"
"1","Iteration: 26, Log-Lik: -29915.260, Max-Change: 0.00016"
"1","Iteration: 27, Log-Lik: -29915.260, Max-Change: 0.00015"
"1","Iteration: 28, Log-Lik: -29915.260, Max-Change: 0.00015"
"1","Iteration: 29, Log-Lik: -29915.260, Max-Change: 0.00015"
"1","Iteration: 30, Log-Lik: -29915.260, Max-Change: 0.00073"
"1","Iteration: 31, Log-Lik: -29915.259, Max-Change: 0.00033"
"1","Iteration: 32, Log-Lik: -29915.259, Max-Change: 0.00018"
"1","Iteration: 33, Log-Lik: -29915.259, Max-Change: 0.00012"
"1","Iteration: 34, Log-Lik: -29915.259, Max-Change: 0.00055"
"1","Iteration: 35, Log-Lik: -29915.259, Max-Change: 0.00022"
"1","Iteration: 36, Log-Lik: -29915.258, Max-Change: 0.00012"
"1","Iteration: 37, Log-Lik: -29915.258, Max-Change: 0.00043"
"1","Iteration: 38, Log-Lik: -29915.258, Max-Change: 0.00036"
"1","Iteration: 39, Log-Lik: -29915.258, Max-Change: 0.00007"
"1","
"
"0","summary(mirtCLARIDAD)"
"1","   "
"1","    F1"
"1","    h2"
"1","
i9 "
"1"," 0.834"
"1"," 0.695"
"1","
i10"
"1"," 0.880"
"1"," 0.774"
"1","
i11"
"1"," 0.894"
"1"," 0.800"
"1","
i12"
"1"," 0.784"
"1"," 0.615"
"1","
i13"
"1"," 0.808"
"1"," 0.653"
"1","
i14"
"1"," 0.733"
"1"," 0.537"
"1","
i15"
"1"," 0.675"
"1"," 0.456"
"1","
i16"
"1"," 0.829"
"1"," 0.688"
"1","
"
"1","
SS loadings: "
"1"," "
"1","5.218"
"1"," "
"1","
"
"1","Proportion Var: "
"1"," "
"1","0.652"
"1"," "
"1","
"
"1","
Factor correlations: 

"
"1","  "
"1"," F1"
"1","
F1"
"1","  1"
"1","
"
"0","mirtCLARIDAD"
"1","
Call:
"
"1",""
"1","mirt(data = CLARIDAD, model = 1, technical = list(removeEmptyRows = TRUE))"
"1",""
"1","

"
"1","Full-information item factor analysis with "
"1",""
"1","1"
"1",""
"1"," factor(s).
"
"1","Converged within "
"1",""
"1","1e-04"
"1",""
"1"," tolerance after "
"1",""
"1","39"
"1",""
"1"," "
"1",""
"1","EM"
"1",""
"1"," iterations.
"
"1","mirt version:"
"1"," "
"1","1.31"
"1"," "
"1","
"
"1","M-step optimizer:"
"1"," "
"1","BFGS"
"1"," "
"1","
"
"1","EM acceleration:"
"1"," "
"1","Ramsay"
"1"," "
"1","
"
"1","Number of rectangular quadrature:"
"1"," "
"1","61"
"1","
"
"1","Latent density type:"
"1"," "
"1","Gaussian"
"1"," "
"1","
"
"1","
Log-likelihood = "
"1",""
"1","-29915.26"
"1",""
"1","
"
"1","Estimated parameters:"
"1"," "
"1","40"
"1"," "
"1","
"
"1","AIC = "
"1",""
"1","59910.52"
"1",""
"1","; AICc = "
"1",""
"1","59911.57"
"1",""
"1","
"
"1","BIC = "
"1",""
"1","60152.76"
"1",""
"1","; SABIC = "
"1",""
"1","60025.66"
"1",""
"1","
"
"1","G2 ("
"1",""
"1","390584"
"1",""
"1",") = "
"1",""
"1","15243.3"
"1",""
"1",", p = "
"1",""
"1","1"
"1","
RMSEA = "
"1",""
"1","0"
"1",""
"1",", CFI = "
"1",""
"1","NaN"
"1",""
"1",", TLI = "
"1",""
"1","NaN"
