"0","library(data.table)"
"0","library(scales)"
"0",""
"0","previa = foreign::read.spss(""data/TMMS_corregida3.sav"", to.data.frame = T)"
"0",""
"0","n_prof = as.data.table(table(droplevels(previa$Profesion)))"
"0","n_prof[, PROP := N/sum(N)]"
"0","n_prof[, V1 := c(""curas"", ""farmacéuticos"", ""profesores del estado mexicano de Colima"", ""alumnos universitarios de Portugal"", ""personas que ni estudian ni trabajan"")]"
"0","setorder(n_prof, -N)"
"0","t_prof = n_prof[, .(V2 = paste0(N = comma(N), "" "", V1,"" ("", PROP = percent(PROP), "")""))]"
"0",""
"0","n_sexo = as.data.table(table(droplevels(previa$SEXO)))"
"0","n_sexo[, PROP := N/sum(N)]"
"0","n_sexo[, V1 := ifelse(V1 == ""Hombre"", paste0(V1, ""s""), paste0(V1, ""es""))]"
"0","setorder(n_sexo, -N)"
"0","t_sexo = n_sexo[, .(V2 = paste0(N = comma(N), "" "", tolower(V1),"" ("", PROP = percent(PROP), "")""))]"
"0",""
"0","n_edad = as.data.table(table(droplevels(previa$EDAD)))"
"0","n_edad[, V1 := c(""menores de 30"", ""entre 30 y 40"", ""de 41 a 50"", ""mayores a 50"")]"
"0","n_edad[, PROP := N/sum(N)]"
"0","setorder(n_edad, -N)"
"0","t_edad = n_edad[, .(V2 = paste0(N = comma(N), "" "", V1,"" ("", PROP = percent(PROP), "")""))]"
"0",""
"0","library(likert)"
"0","tmms = as.data.table(Datos[, 4:27])"
"0","tmmsf = tmms[, lapply(.SD, function(x) factor(x, levels = c(""1"", ""2"", ""3"" , ""4"", ""5""), ordered = T))]"
"0","tmmsl = likert(tmmsf)"
"0",""
"0","tab_tmms = as.data.table(tmmsl$results)"
"0","tab_tmms[, 2:6] = tab_tmms[, lapply(.SD, round, 1), .SDcols = c(as.character(1:5))]"
"0","tab_tmms[, Item := 1:24]"
"0","tab_tmms = cbind(Dimensiones = c(""Atención"", rep("""", times = 7), ""Claridad"", rep("""", times = 7), ""Reparación"", rep("""", times = 7)), tab_tmms)"
"0",""
"0","k_tmms = kable(tab_tmms, format = ""pandoc"", booktabs = T, linesep = c(rep('', times = 7), '\\addlinespace'), caption = ""Frecuencias relativas de los reactivos del TMMS-24 por dimensiones\\label{tab:tab_tmms}"") %>% "
"0","  kable_styling(position = ""center"")"
