"0","cuest_tmms = data.frame("
"0","  No. = c(1:24),"
"0","  Pregunta = c("
"0","    ""Presto mucha atención a los sentimientos."","
"0","    ""Normalmente me preocupo mucho por lo que siento."","
"0","    ""Normalmente dedico tiempo a pensar en mis emociones."","
"0","    ""Pienso que merece la pena prestar atención a mis emociones y estado de ánimo."","
"0","    ""Dejo que mis sentimientos afecten a mis pensamientos."","
"0","    ""Pienso en mi estado de ánimo constantemente."","
"0","    ""A menudo pienso en mis sentimientos."","
"0","    ""Presto mucha atención a cómo me siento."","
"0","    ""Tengo claros mis sentimientos."","
"0","    ""Frecuentemente puedo definir mis sentimientos."","
"0","    ""Casi siempre sé cómo me siento."","
"0","    ""Normalmente conozco mis sentimientos sobre las personas."","
"0","    ""A menudo me doy cuenta de mis sentimientos en diferentes situaciones."","
"0","    ""Siempre puedo decir cómo me siento."","
"0","    ""A veces puedo decir cuáles son mis emociones."","
"0","    ""Puedo llegar a comprender mis sentimientos."","
"0","    ""Aunque a veces me siento triste, suelo tener una visión optimista."","
"0","    ""Aunque me sienta mal, procuro pensar en cosas agradables."","
"0","    ""Cuando estoy triste, pienso en todos los placeres de la vida."","
"0","    ""Intento tener pensamientos positivos aunque me sienta mal."","
"0","    ""Si doy demasiadas vueltas a las cosas, complicándolas, trato de calmarme."","
"0","    ""Me preocupo por tener un buen estado de ánimo."","
"0","    ""Tengo mucha energía cuando me siento feliz."","
"0","    ""Cuando estoy enfadado intento cambiar mi estado de ánimo."""
"0","  ),"
"0","  n = c(rep(1, times = 24)),"
"0","  a = c(rep(2, times = 24)),"
"0","  b = c(rep(3, times = 24)),"
"0","  m = c(rep(4, times = 24)),"
"0","  t = c(rep(5, times = 24))"
"0",")"
"0",""
"0","t1 = data.frame(""TMMS-24"" =  ""INSTRUCCIONES: A continuación encontrará algunas afirmaciones sobre sus emociones y sentimientos. Lea atentamente cada frase e indique, por favor, el grado de acuerdo o desacuerdo con respecto a las mismas. **Señale con una “X” la respuesta que más se aproxime a sus preferencias.** \nNo hay respuestas correctas o incorrectas, ni buenas o malas. No emplee mucho tiempo en cada respuesta."")"
"0",""
"0","t2 = data.frame(""**1**: Nada de acuerdo"", ""**2**: Algo de acuerdo"", ""**3**: Bastante de acuerdo"", ""**4**: Muy de acuerdo"", ""**5**: Totalmente de acuerdo."")"
"0","t3 = cuest_tmms"
"0",""
"0","k1 = kable(t1, format = ""markdown"", col.names = ""**TMMS-24**"")"
"0","k2 = kable(t2, format = ""markdown"", col.names = c(rep("""", times = 5)))"
"0","k3 = kable(t3, format = ""latex"", booktabs = F, col.names = c(""No."", ""Pregunta"", """", """", """", """", """")) %>% "
"0","  kable_styling(position = ""center"") %>% "
"0","  column_spec(1, border_left = T) %>%"
"0","  column_spec(7, border_right = T)"
"0",""
"0","k1"
