"0","mirtATENCION <- mirt(ATENCION, model = 1, technical = list(removeEmptyRows=TRUE)) "
"1","Iteration: 1, Log-Lik: -33417.063, Max-Change: 1.58677"
"1","Iteration: 2, Log-Lik: -31888.853, Max-Change: 1.06935"
"1","Iteration: 3, Log-Lik: -31407.812, Max-Change: 0.39231"
"1","Iteration: 4, Log-Lik: -31258.001, Max-Change: 0.33830"
"1","Iteration: 5, Log-Lik: -31211.741, Max-Change: 0.18658"
"1","Iteration: 6, Log-Lik: -31190.707, Max-Change: 0.10196"
"1","Iteration: 7, Log-Lik: -31179.481, Max-Change: 0.06288"
"1","Iteration: 8, Log-Lik: -31173.915, Max-Change: 0.07065"
"1","Iteration: 9, Log-Lik: -31170.371, Max-Change: 0.05013"
"1","Iteration: 10, Log-Lik: -31168.641, Max-Change: 0.03288"
"1","Iteration: 11, Log-Lik: -31166.958, Max-Change: 0.02665"
"1","Iteration: 12, Log-Lik: -31166.034, Max-Change: 0.01813"
"1","Iteration: 13, Log-Lik: -31165.331, Max-Change: 0.01428"
"1","Iteration: 14, Log-Lik: -31164.832, Max-Change: 0.01156"
"1","Iteration: 15, Log-Lik: -31164.485, Max-Change: 0.00932"
"1","Iteration: 16, Log-Lik: -31163.862, Max-Change: 0.00391"
"1","Iteration: 17, Log-Lik: -31163.837, Max-Change: 0.00214"
"1","Iteration: 18, Log-Lik: -31163.825, Max-Change: 0.00162"
"1","Iteration: 19, Log-Lik: -31163.808, Max-Change: 0.00090"
"1","Iteration: 20, Log-Lik: -31163.806, Max-Change: 0.00067"
"1","Iteration: 21, Log-Lik: -31163.804, Max-Change: 0.00056"
"1","Iteration: 22, Log-Lik: -31163.803, Max-Change: 0.00043"
"1","Iteration: 23, Log-Lik: -31163.802, Max-Change: 0.00035"
"1","Iteration: 24, Log-Lik: -31163.802, Max-Change: 0.00038"
"1","Iteration: 25, Log-Lik: -31163.802, Max-Change: 0.00021"
"1","Iteration: 26, Log-Lik: -31163.801, Max-Change: 0.00021"
"1","Iteration: 27, Log-Lik: -31163.801, Max-Change: 0.00016"
"1","Iteration: 28, Log-Lik: -31163.801, Max-Change: 0.00025"
"1","Iteration: 29, Log-Lik: -31163.801, Max-Change: 0.00019"
"1","Iteration: 30, Log-Lik: -31163.801, Max-Change: 0.00021"
"1","Iteration: 31, Log-Lik: -31163.801, Max-Change: 0.00015"
"1","Iteration: 32, Log-Lik: -31163.801, Max-Change: 0.00017"
"1","Iteration: 33, Log-Lik: -31163.800, Max-Change: 0.00013"
"1","Iteration: 34, Log-Lik: -31163.800, Max-Change: 0.00018"
"1","Iteration: 35, Log-Lik: -31163.800, Max-Change: 0.00013"
"1","Iteration: 36, Log-Lik: -31163.800, Max-Change: 0.00015"
"1","Iteration: 37, Log-Lik: -31163.800, Max-Change: 0.00012"
"1","Iteration: 38, Log-Lik: -31163.800, Max-Change: 0.00014"
"1","Iteration: 39, Log-Lik: -31163.800, Max-Change: 0.00010"
"1","Iteration: 40, Log-Lik: -31163.800, Max-Change: 0.00014"
"1","Iteration: 41, Log-Lik: -31163.800, Max-Change: 0.00010"
"1","Iteration: 42, Log-Lik: -31163.800, Max-Change: 0.00012"
"1","Iteration: 43, Log-Lik: -31163.800, Max-Change: 0.00010"
"1","Iteration: 44, Log-Lik: -31163.800, Max-Change: 0.00011"
"1","Iteration: 45, Log-Lik: -31163.800, Max-Change: 0.00008"
"1","
"
"0","summary(mirtATENCION)"
"1","  "
"1","    F1"
"1","    h2"
"1","
i1"
"1"," 0.771"
"1"," 0.594"
"1","
i2"
"1"," 0.843"
"1"," 0.711"
"1","
i3"
"1"," 0.845"
"1"," 0.714"
"1","
i4"
"1"," 0.763"
"1"," 0.581"
"1","
i5"
"1"," 0.599"
"1"," 0.359"
"1","
i6"
"1"," 0.741"
"1"," 0.549"
"1","
i7"
"1"," 0.845"
"1"," 0.714"
"1","
i8"
"1"," 0.861"
"1"," 0.741"
"1","
"
"1","
SS loadings: "
"1"," "
"1","4.963"
"1"," "
"1","
"
"1","Proportion Var: "
"1"," "
"1","0.62"
"1"," "
"1","
"
"1","
Factor correlations: 

"
"1","  "
"1"," F1"
"1","
F1"
"1","  1"
"1","
"
"0","mirtATENCION"
"1","
Call:
"
"1",""
"1","mirt(data = ATENCION, model = 1, technical = list(removeEmptyRows = TRUE))"
"1",""
"1","

"
"1","Full-information item factor analysis with "
"1",""
"1","1"
"1",""
"1"," factor(s).
"
"1","Converged within "
"1",""
"1","1e-04"
"1",""
"1"," tolerance after "
"1",""
"1","45"
"1",""
"1"," "
"1",""
"1","EM"
"1",""
"1"," iterations.
"
"1","mirt version:"
"1"," "
"1","1.31"
"1"," "
"1","
"
"1","M-step optimizer:"
"1"," "
"1","BFGS"
"1"," "
"1","
"
"1","EM acceleration:"
"1"," "
"1","Ramsay"
"1"," "
"1","
"
"1","Number of rectangular quadrature:"
"1"," "
"1","61"
"1","
"
"1","Latent density type:"
"1"," "
"1","Gaussian"
"1"," "
"1","
"
"1","
Log-likelihood = "
"1",""
"1","-31163.8"
"1",""
"1","
"
"1","Estimated parameters:"
"1"," "
"1","40"
"1"," "
"1","
"
"1","AIC = "
"1",""
"1","62407.6"
"1",""
"1","; AICc = "
"1",""
"1","62408.65"
"1",""
"1","
"
"1","BIC = "
"1",""
"1","62649.84"
"1",""
"1","; SABIC = "
"1",""
"1","62522.75"
"1",""
"1","
"
"1","G2 ("
"1",""
"1","390584"
"1",""
"1",") = "
"1",""
"1","16237.01"
"1",""
"1",", p = "
"1",""
"1","1"
"1","
RMSEA = "
"1",""
"1","0"
"1",""
"1",", CFI = "
"1",""
"1","NaN"
"1",""
"1",", TLI = "
"1",""
"1","NaN"
